create database ATV03
use ATV03

create table cliente(
	cod_clie numeric (4) primary key,
	nome_clie varchar (20) not null,
	endereco varchar (30),
	cidade varchar (15),
	cep char (8),
	uf char (2),
	cnpj char (16),
	ie char (12)
);

create table vendedor(
	cod_ven numeric (4) primary key,
	nome_ven varchar (20) not null,
	salario_fixo numeric (10,2),
	comissao char (1)
);

create table produto(
	cod_prod numeric (4) primary key,
	unidade varchar (3),
	descricao varchar (20),
	val_unit numeric (8,2)
);

create table pedido(
	num_pedido numeric (4) primary key,
	pr_entrega numeric (3) not null,
	cod_clie numeric (4),
	cod_ven numeric (4),
);

--arrumar essa table
create table item_pedido(
	cod_prod numeric (4),
	quant numeric (8,2)
);


ALTER TABLE pedido
	add constraint cod_cl_FK foreign key (cod_clie) references cliente(cod_clie);

ALTER TABLE pedido
	add constraint cod_clie_FK foreign key (cod_clie) references cliente(cod_clie);

ALTER TABLE pedido
	add constraint cod_ven_FK foreign key (cod_ven) references vendedor(cod_ven);

ALTER TABLE pedido
	add constraint cod_prod_FK foreign key (cod_prod) references produto(cod_prod);

insert into cliente (cod_clie,nome_clie,endereco,cidade,cep,uf,cnpj,ie) values (720, 'Ana', 'Rua 17 n.19', 'Niterói', '24358310', 'RJ', '12113231/0001-34', '2134')
insert into cliente (cod_clie,nome_clie,endereco,cidade,cep,uf,cnpj,ie) values (870, 'Flávio', 'Av. Pres. Vargas, 10', 'São Paulo', '22763931', 'SP', '22534126/9387-9', '4631')
insert into cliente (cod_clie,nome_clie,endereco,cidade,cep,uf,cnpj,ie) values (110, 'Jorge', 'Rua Caiapó, 13', 'Curitiba', '30078500', 'PR', '14512764/9834-9', 'null')
insert into cliente (cod_clie,nome_clie,endereco,cidade,cep,uf,cnpj,ie) values (222, 'Lúcia', 'Rua Itabira, 123', 'Belo Horizonte', '22124391', 'MG', '283152123/9348-8', '2985')
insert into cliente (cod_clie,nome_clie,endereco,cidade,cep,uf,cnpj,ie) values (830, 'Mauricio', 'Av. Paulista, 1236', 'São Paulo', '3012683', 'SP', '32816985/7465-6', '9343')
insert into cliente (cod_clie,nome_clie,endereco,cidade,cep,uf,cnpj,ie) values (130, 'Edmar', 'Rua da Praia, s/n', 'Salvador', '30079300', 'BA', '23463284/234-9', '7121')
insert into cliente (cod_clie,nome_clie,endereco,cidade,cep,uf,cnpj,ie) values (410, 'Rodolfo', 'Largo da Lapa, 27', 'Rio de Janeiro', '30078900', 'RJ', '12835128/2346-9', '7431')
insert into cliente (cod_clie,nome_clie,endereco,cidade,cep,uf,cnpj,ie) values (20, 'Beth', 'Av. Climério, 45', 'São Paulo', '25679300', 'SP', '32485126/7326-8', '9280')
insert into cliente (cod_clie,nome_clie,endereco,cidade,cep,uf,cnpj,ie) values (157, 'Paulo', 'Trav. Moraes, casa 3', 'Londrina', 'null', 'PR', '32848223/324-2', '1923')
insert into cliente (cod_clie,nome_clie,endereco,cidade,cep,uf,cnpj,ie) values (180, 'Lívio', 'Av. Beira Mar, 1256', 'Florianópolis', '30077500', 'SC', '12736571/2347-4', '1111')
insert into cliente (cod_clie,nome_clie,endereco,cidade,cep,uf,cnpj,ie) values (260, 'Susana', 'Rua Lopes Mandes, 12', 'Niterói', '30046500', 'RJ', '21763571/232-9', '2530')
insert into cliente (cod_clie,nome_clie,endereco,cidade,cep,uf,cnpj,ie) values (290, 'Renato', 'Rua Meireles, 123', 'São Paulo', '30225900', 'SP', '13276571/1231-4', '1820')
insert into cliente (cod_clie,nome_clie,endereco,cidade,cep,uf,cnpj,ie) values (390, 'Sebastião', 'Rua da Igreja, 10', 'Uberaba', '30438700', 'MG', '32176547/213-3', '9071')
insert into cliente (cod_clie,nome_clie,endereco,cidade,cep,uf,cnpj,ie) values (234, 'José', 'Quadra 3, Bl. 3, sl. 1003', 'Brasília', '22841650', 'DF', '21763576/1232-3', '2931')

insert into vendedor (cod_ven,nome_ven,salario_fixo,cod_ven) values (209, 'José', 1800, 'C');
insert into vendedor (cod_ven,nome_ven,salario_fixo,cod_ven) values (111, 'Carlos', 2490, 'A');
insert into vendedor (cod_ven,nome_ven,salario_fixo,cod_ven) values (011, 'João', 2780, 'C');
insert into vendedor (cod_ven,nome_ven,salario_fixo,cod_ven) values (240, 'Antônio', 9500, 'C');
insert into vendedor (cod_ven,nome_ven,salario_fixo,cod_ven) values (720, 'Felipe', 4600, 'A');
insert into vendedor (cod_ven,nome_ven,salario_fixo,cod_ven) values (213, 'Jonas', 2300, 'A');
insert into vendedor (cod_ven,nome_ven,salario_fixo,cod_ven) values (101, 'João', 2650, 'C');
insert into vendedor (cod_ven,nome_ven,salario_fixo,cod_ven) values (310, 'Josias', 870, 'B');
insert into vendedor (cod_ven,nome_ven,salario_fixo,cod_ven) values (250, 'Maurício', 2930, 'B');

insert into produto (cod_prod,unidade,descricao,val_unit) values (25, 'KG', 'Queijo', 0.97);
insert into produto (cod_prod,unidade,descricao,val_unit) values (31, 'BAR', 'Chocolate', 0.87);
insert into produto (cod_prod,unidade,descricao,val_unit) values (78, 'L', 'Vinho', 2.00);
insert into produto (cod_prod,unidade,descricao,val_unit) values (22, 'M', 'Linho', 0.11);
insert into produto (cod_prod,unidade,descricao,val_unit) values (30, 'SAC', 'Açúcar', 0.30);
insert into produto (cod_prod,unidade,descricao,val_unit) values (53, 'M', 'Linha', 1.80);
insert into produto (cod_prod,unidade,descricao,val_unit) values (13, 'G', 'Ouro', 6.18);
insert into produto (cod_prod,unidade,descricao,val_unit) values (45, 'M', 'Madeira', 0.25);
insert into produto (cod_prod,unidade,descricao,val_unit) values (87, 'M', 'Cano', 1.97);
insert into produto (cod_prod,unidade,descricao,val_unit) values (77, 'M', 'Papel', 1.05);

insert into pedido (num_pedido, pr_entrega, cod_clie, cod_ven) values (121, 20, 410, 209);
insert into pedido (num_pedido, pr_entrega, cod_clie, cod_ven) values (97, 20, 720, 101);
insert into pedido (num_pedido, pr_entrega, cod_clie, cod_ven) values (101, 15, 720, 101);
insert into pedido (num_pedido, pr_entrega, cod_clie, cod_ven) values (137, 20, 720, 720);
insert into pedido (num_pedido, pr_entrega, cod_clie, cod_ven) values (148, 20, 720, 101);
insert into pedido (num_pedido, pr_entrega, cod_clie, cod_ven) values (189, 15, 870, 213);
insert into pedido (num_pedido, pr_entrega, cod_clie, cod_ven) values (104, 30, 110, 101);
insert into pedido (num_pedido, pr_entrega, cod_clie, cod_ven) values (203, 30, 830, 250);
insert into pedido (num_pedido, pr_entrega, cod_clie, cod_ven) values (98, 20, 410, 209);
insert into pedido (num_pedido, pr_entrega, cod_clie, cod_ven) values (143, 30, 20, 111);
insert into pedido (num_pedido, pr_entrega, cod_clie, cod_ven) values (105, 30, 180, 240);
insert into pedido (num_pedido, pr_entrega, cod_clie, cod_ven) values (111, 15, 260, 240);
insert into pedido (num_pedido, pr_entrega, cod_clie, cod_ven) values (103, 20, 260, 11);
insert into pedido (num_pedido, pr_entrega, cod_clie, cod_ven) values (91, 20, 260, 11);
insert into pedido (num_pedido, pr_entrega, cod_clie, cod_ven) values (138, 20, 260, 11);
insert into pedido (num_pedido, pr_entrega, cod_clie, cod_ven) values (108, 15, 290, 310);
insert into pedido (num_pedido, pr_entrega, cod_clie, cod_ven) values (119, 30, 390, 250);
insert into pedido (num_pedido, pr_entrega, cod_clie, cod_ven) values (127, 10, 410, 11);

insert into item_pedido


sp_help cliente;
sp_help vendedor;
sp_help produto;
sp_help pedido;